"Timestamp","Target","Status","Message"
"2026-02-24 23:32:52","192.168.0.4","WARNING","Skipped (Offline/Unreachable)"
"2026-02-24 23:32:55","192.168.0.5","WARNING","Skipped (Offline/Unreachable)"
"2026-02-24 23:32:58","192.168.0.6","WARNING","Skipped (Offline/Unreachable)"
"2026-02-24 23:33:01","192.168.0.7","WARNING","Skipped (Offline/Unreachable)"
"2026-02-24 23:33:04","192.168.0.8","WARNING","Skipped (Offline/Unreachable)"
"2026-02-24 23:33:07","192.168.0.9","WARNING","Skipped (Offline/Unreachable)"
"2026-02-24 23:33:10","192.168.0.10","WARNING","Skipped (Offline/Unreachable)"
"2026-02-24 23:33:13","192.168.0.11","WARNING","Skipped (Offline/Unreachable)"
"2026-02-24 23:33:16","192.168.0.12","WARNING","Skipped (Offline/Unreachable)"
"2026-02-24 23:33:19","192.168.0.13","WARNING","Skipped (Offline/Unreachable)"
"2026-02-24 23:33:22","192.168.0.14","WARNING","Skipped (Offline/Unreachable)"
"2026-02-24 23:33:25","192.168.0.15","WARNING","Skipped (Offline/Unreachable)"
"2026-02-24 23:33:28","192.168.0.16","WARNING","Skipped (Offline/Unreachable)"
"2026-02-24 23:33:31","192.168.0.17","WARNING","Skipped (Offline/Unreachable)"
"2026-02-24 23:33:34","192.168.0.18","WARNING","Skipped (Offline/Unreachable)"
"2026-02-24 23:33:37","192.168.0.19","WARNING","Skipped (Offline/Unreachable)"
"2026-02-24 23:33:40","192.168.0.20","WARNING","Skipped (Offline/Unreachable)"
"2026-02-24 23:33:43","192.168.0.21","WARNING","Skipped (Offline/Unreachable)"
"2026-02-24 23:33:46","192.168.0.22","WARNING","Skipped (Offline/Unreachable)"
"2026-02-24 23:33:49","192.168.0.23","WARNING","Skipped (Offline/Unreachable)"
"2026-02-24 23:33:52","192.168.0.24","WARNING","Skipped (Offline/Unreachable)"
"2026-02-24 23:33:55","192.168.0.25","WARNING","Skipped (Offline/Unreachable)"
"2026-02-24 23:33:58","192.168.0.26","WARNING","Skipped (Offline/Unreachable)"
"2026-02-24 23:34:01","192.168.0.27","WARNING","Skipped (Offline/Unreachable)"
"2026-02-24 23:34:06","192.168.0.28","WARNING","Skipped (Offline/Unreachable)"
"2026-02-24 23:34:09","192.168.0.29","WARNING","Skipped (Offline/Unreachable)"
"2026-02-24 23:34:12","192.168.0.30","WARNING","Skipped (Offline/Unreachable)"
"2026-02-24 23:34:15","192.168.0.31","WARNING","Skipped (Offline/Unreachable)"
"2026-02-24 23:34:18","192.168.0.32","WARNING","Skipped (Offline/Unreachable)"
"2026-02-24 23:34:21","192.168.0.33","WARNING","Skipped (Offline/Unreachable)"
"2026-02-24 23:34:24","192.168.0.34","WARNING","Skipped (Offline/Unreachable)"
"2026-02-24 23:34:27","192.168.0.35","WARNING","Skipped (Offline/Unreachable)"
"2026-02-24 23:34:30","192.168.0.36","WARNING","Skipped (Offline/Unreachable)"
"2026-02-24 23:34:33","192.168.0.37","WARNING","Skipped (Offline/Unreachable)"
"2026-02-24 23:34:36","192.168.0.38","WARNING","Skipped (Offline/Unreachable)"
"2026-02-24 23:34:39","192.168.0.39","WARNING","Skipped (Offline/Unreachable)"
"2026-02-24 23:34:42","192.168.0.40","WARNING","Skipped (Offline/Unreachable)"
"2026-02-24 23:34:45","192.168.0.41","WARNING","Skipped (Offline/Unreachable)"
"2026-02-24 23:34:48","192.168.0.42","WARNING","Skipped (Offline/Unreachable)"
"2026-02-24 23:34:51","192.168.0.43","WARNING","Skipped (Offline/Unreachable)"
"2026-02-24 23:34:54","192.168.0.44","WARNING","Skipped (Offline/Unreachable)"
"2026-02-24 23:34:57","192.168.0.45","WARNING","Skipped (Offline/Unreachable)"
"2026-02-24 23:35:00","192.168.0.46","WARNING","Skipped (Offline/Unreachable)"
"2026-02-24 23:35:03","192.168.0.47","WARNING","Skipped (Offline/Unreachable)"
"2026-02-24 23:35:06","192.168.0.48","WARNING","Skipped (Offline/Unreachable)"
"2026-02-24 23:35:09","192.168.0.49","WARNING","Skipped (Offline/Unreachable)"
"2026-02-24 23:35:12","192.168.0.50","WARNING","Skipped (Offline/Unreachable)"
"2026-02-24 23:35:15","192.168.0.51","WARNING","Skipped (Offline/Unreachable)"
"2026-02-24 23:35:18","192.168.0.52","WARNING","Skipped (Offline/Unreachable)"
"2026-02-24 23:35:21","192.168.0.53","WARNING","Skipped (Offline/Unreachable)"
"2026-02-24 23:35:24","192.168.0.54","WARNING","Skipped (Offline/Unreachable)"
"2026-02-24 23:35:27","192.168.0.55","WARNING","Skipped (Offline/Unreachable)"
"2026-02-24 23:35:30","192.168.0.56","WARNING","Skipped (Offline/Unreachable)"
"2026-02-24 23:35:33","192.168.0.57","WARNING","Skipped (Offline/Unreachable)"
"2026-02-24 23:35:36","192.168.0.58","WARNING","Skipped (Offline/Unreachable)"
"2026-02-24 23:35:39","192.168.0.59","WARNING","Skipped (Offline/Unreachable)"
"2026-02-24 23:35:42","192.168.0.60","WARNING","Skipped (Offline/Unreachable)"
"2026-02-24 23:35:45","192.168.0.61","WARNING","Skipped (Offline/Unreachable)"
"2026-02-24 23:35:48","192.168.0.62","WARNING","Skipped (Offline/Unreachable)"
"2026-02-24 23:35:51","192.168.0.63","WARNING","Skipped (Offline/Unreachable)"
"2026-02-24 23:35:54","192.168.0.64","WARNING","Skipped (Offline/Unreachable)"
"2026-02-24 23:35:57","192.168.0.65","WARNING","Skipped (Offline/Unreachable)"
"2026-02-24 23:36:00","192.168.0.66","WARNING","Skipped (Offline/Unreachable)"
"2026-02-24 23:36:03","192.168.0.67","WARNING","Skipped (Offline/Unreachable)"
"2026-02-24 23:36:06","192.168.0.68","WARNING","Skipped (Offline/Unreachable)"
"2026-02-24 23:36:09","192.168.0.69","WARNING","Skipped (Offline/Unreachable)"
"2026-02-24 23:36:12","192.168.0.70","WARNING","Skipped (Offline/Unreachable)"
"2026-02-24 23:36:15","192.168.0.71","WARNING","Skipped (Offline/Unreachable)"
"2026-02-24 23:36:18","192.168.0.72","WARNING","Skipped (Offline/Unreachable)"
"2026-02-24 23:36:21","192.168.0.73","WARNING","Skipped (Offline/Unreachable)"
"2026-02-24 23:36:24","192.168.0.74","WARNING","Skipped (Offline/Unreachable)"
"2026-02-24 23:36:27","192.168.0.75","WARNING","Skipped (Offline/Unreachable)"
"2026-02-24 23:36:30","192.168.0.76","WARNING","Skipped (Offline/Unreachable)"
"2026-02-24 23:36:33","192.168.0.77","WARNING","Skipped (Offline/Unreachable)"
"2026-02-24 23:36:36","192.168.0.78","WARNING","Skipped (Offline/Unreachable)"
"2026-02-24 23:36:39","192.168.0.79","WARNING","Skipped (Offline/Unreachable)"
"2026-02-24 23:36:42","192.168.0.80","WARNING","Skipped (Offline/Unreachable)"
"2026-02-24 23:37:45","192.168.0.81","WARNING","Skipped (Offline/Unreachable)"
"2026-02-24 23:37:49","192.168.0.82","WARNING","Skipped (Offline/Unreachable)"
"2026-02-24 23:37:53","192.168.0.83","WARNING","Skipped (Offline/Unreachable)"
"2026-02-24 23:37:56","192.168.0.84","WARNING","Skipped (Offline/Unreachable)"
"2026-02-24 23:37:59","192.168.0.85","WARNING","Skipped (Offline/Unreachable)"
"2026-02-24 23:38:02","192.168.0.86","WARNING","Skipped (Offline/Unreachable)"
"2026-02-24 23:38:05","192.168.0.87","WARNING","Skipped (Offline/Unreachable)"
"2026-02-24 23:38:08","192.168.0.88","WARNING","Skipped (Offline/Unreachable)"
"2026-02-24 23:38:11","192.168.0.89","WARNING","Skipped (Offline/Unreachable)"
"2026-02-24 23:38:14","192.168.0.90","WARNING","Skipped (Offline/Unreachable)"
"2026-02-24 23:38:17","192.168.0.91","WARNING","Skipped (Offline/Unreachable)"
"2026-02-24 23:38:20","192.168.0.92","WARNING","Skipped (Offline/Unreachable)"
"2026-02-24 23:38:23","192.168.0.93","WARNING","Skipped (Offline/Unreachable)"
"2026-02-24 23:38:26","192.168.0.94","WARNING","Skipped (Offline/Unreachable)"
"2026-02-24 23:38:29","192.168.0.95","WARNING","Skipped (Offline/Unreachable)"
"2026-02-24 23:38:32","192.168.0.96","WARNING","Skipped (Offline/Unreachable)"
"2026-02-24 23:38:36","192.168.0.97","WARNING","Skipped (Offline/Unreachable)"
"2026-02-24 23:38:39","192.168.0.98","WARNING","Skipped (Offline/Unreachable)"
"2026-02-24 23:38:42","192.168.0.99","WARNING","Skipped (Offline/Unreachable)"
"2026-02-24 23:38:45","192.168.0.100","WARNING","Skipped (Offline/Unreachable)"
"2026-02-24 23:38:48","192.168.0.101","WARNING","Skipped (Offline/Unreachable)"
"2026-02-24 23:38:51","192.168.0.102","WARNING","Skipped (Offline/Unreachable)"
"2026-02-24 23:38:54","192.168.0.103","WARNING","Skipped (Offline/Unreachable)"
"2026-02-24 23:38:57","192.168.0.104","WARNING","Skipped (Offline/Unreachable)"
"2026-02-24 23:39:00","192.168.0.105","WARNING","Skipped (Offline/Unreachable)"
"2026-02-24 23:39:03","192.168.0.106","WARNING","Skipped (Offline/Unreachable)"
"2026-02-24 23:39:06","192.168.0.107","WARNING","Skipped (Offline/Unreachable)"
"2026-02-24 23:39:09","192.168.0.108","WARNING","Skipped (Offline/Unreachable)"
"2026-02-24 23:39:12","192.168.0.109","WARNING","Skipped (Offline/Unreachable)"
"2026-02-24 23:39:15","192.168.0.110","WARNING","Skipped (Offline/Unreachable)"
"2026-02-24 23:39:18","192.168.0.111","WARNING","Skipped (Offline/Unreachable)"
"2026-02-24 23:39:21","192.168.0.112","WARNING","Skipped (Offline/Unreachable)"
"2026-02-24 23:39:24","192.168.0.113","WARNING","Skipped (Offline/Unreachable)"
"2026-02-24 23:39:27","192.168.0.115","WARNING","Skipped (Offline/Unreachable)"
"2026-02-24 23:39:30","192.168.0.116","WARNING","Skipped (Offline/Unreachable)"
"2026-02-24 23:39:33","192.168.0.117","WARNING","Skipped (Offline/Unreachable)"
"2026-02-24 23:39:36","192.168.0.118","WARNING","Skipped (Offline/Unreachable)"
"2026-02-24 23:39:39","192.168.0.119","WARNING","Skipped (Offline/Unreachable)"
"2026-02-24 23:39:42","192.168.0.120","WARNING","Skipped (Offline/Unreachable)"
"2026-02-24 23:39:45","192.168.0.121","WARNING","Skipped (Offline/Unreachable)"
"2026-02-24 23:39:48","192.168.0.122","WARNING","Skipped (Offline/Unreachable)"
"2026-02-24 23:39:51","192.168.0.123","WARNING","Skipped (Offline/Unreachable)"
"2026-02-24 23:39:54","192.168.0.124","WARNING","Skipped (Offline/Unreachable)"
"2026-02-24 23:39:57","192.168.0.125","WARNING","Skipped (Offline/Unreachable)"
"2026-02-24 23:40:00","192.168.0.126","WARNING","Skipped (Offline/Unreachable)"
"2026-02-24 23:40:03","192.168.0.127","WARNING","Skipped (Offline/Unreachable)"
"2026-02-24 23:40:06","192.168.0.128","WARNING","Skipped (Offline/Unreachable)"
"2026-02-24 23:40:09","192.168.0.129","WARNING","Skipped (Offline/Unreachable)"
"2026-02-24 23:40:12","192.168.0.130","WARNING","Skipped (Offline/Unreachable)"
"2026-02-24 23:40:15","192.168.0.131","WARNING","Skipped (Offline/Unreachable)"
"2026-02-24 23:40:18","192.168.0.132","WARNING","Skipped (Offline/Unreachable)"
"2026-02-24 23:40:21","192.168.0.133","WARNING","Skipped (Offline/Unreachable)"
"2026-02-24 23:40:24","192.168.0.134","WARNING","Skipped (Offline/Unreachable)"
"2026-02-24 23:40:27","192.168.0.135","WARNING","Skipped (Offline/Unreachable)"
"2026-02-24 23:40:30","192.168.0.136","WARNING","Skipped (Offline/Unreachable)"
"2026-02-24 23:40:33","192.168.0.137","WARNING","Skipped (Offline/Unreachable)"
"2026-02-24 23:40:36","192.168.0.138","WARNING","Skipped (Offline/Unreachable)"
"2026-02-24 23:40:39","192.168.0.139","WARNING","Skipped (Offline/Unreachable)"
"2026-02-24 23:40:42","192.168.0.140","WARNING","Skipped (Offline/Unreachable)"
"2026-02-24 23:40:45","192.168.0.141","WARNING","Skipped (Offline/Unreachable)"
"2026-02-24 23:40:48","192.168.0.142","WARNING","Skipped (Offline/Unreachable)"
"2026-02-24 23:40:51","192.168.0.143","WARNING","Skipped (Offline/Unreachable)"
"2026-02-24 23:40:54","192.168.0.144","WARNING","Skipped (Offline/Unreachable)"
"2026-02-24 23:40:57","192.168.0.145","WARNING","Skipped (Offline/Unreachable)"
"2026-02-24 23:41:00","192.168.0.146","WARNING","Skipped (Offline/Unreachable)"
"2026-02-24 23:41:03","192.168.0.147","WARNING","Skipped (Offline/Unreachable)"
"2026-02-24 23:41:06","192.168.0.148","WARNING","Skipped (Offline/Unreachable)"
"2026-02-24 23:41:09","192.168.0.149","WARNING","Skipped (Offline/Unreachable)"
"2026-02-24 23:41:12","192.168.0.150","WARNING","Skipped (Offline/Unreachable)"
"2026-02-24 23:41:15","192.168.0.151","WARNING","Skipped (Offline/Unreachable)"
"2026-02-24 23:41:18","192.168.0.152","WARNING","Skipped (Offline/Unreachable)"
"2026-02-24 23:41:21","192.168.0.153","WARNING","Skipped (Offline/Unreachable)"
"2026-02-24 23:41:24","192.168.0.154","WARNING","Skipped (Offline/Unreachable)"
"2026-02-24 23:41:27","192.168.0.155","WARNING","Skipped (Offline/Unreachable)"
"2026-02-24 23:41:30","192.168.0.156","WARNING","Skipped (Offline/Unreachable)"
"2026-02-24 23:41:33","192.168.0.157","WARNING","Skipped (Offline/Unreachable)"
"2026-02-24 23:41:36","192.168.0.158","WARNING","Skipped (Offline/Unreachable)"
"2026-02-24 23:41:39","192.168.0.159","WARNING","Skipped (Offline/Unreachable)"
"2026-02-24 23:41:42","192.168.0.160","WARNING","Skipped (Offline/Unreachable)"
"2026-02-24 23:41:45","192.168.0.161","WARNING","Skipped (Offline/Unreachable)"
"2026-02-24 23:41:48","192.168.0.162","WARNING","Skipped (Offline/Unreachable)"
"2026-02-24 23:41:51","192.168.0.163","WARNING","Skipped (Offline/Unreachable)"
"2026-02-24 23:41:54","192.168.0.164","WARNING","Skipped (Offline/Unreachable)"
"2026-02-24 23:41:57","192.168.0.165","WARNING","Skipped (Offline/Unreachable)"
"2026-02-24 23:42:00","192.168.0.166","WARNING","Skipped (Offline/Unreachable)"
"2026-02-24 23:42:03","192.168.0.167","WARNING","Skipped (Offline/Unreachable)"
"2026-02-24 23:42:06","192.168.0.168","WARNING","Skipped (Offline/Unreachable)"
"2026-02-24 23:42:09","192.168.0.169","WARNING","Skipped (Offline/Unreachable)"
"2026-02-24 23:42:12","192.168.0.170","WARNING","Skipped (Offline/Unreachable)"
"2026-02-24 23:42:15","192.168.0.171","WARNING","Skipped (Offline/Unreachable)"
"2026-02-24 23:42:18","192.168.0.172","WARNING","Skipped (Offline/Unreachable)"
"2026-02-24 23:42:21","192.168.0.173","WARNING","Skipped (Offline/Unreachable)"
"2026-02-24 23:42:24","192.168.0.174","WARNING","Skipped (Offline/Unreachable)"
"2026-02-24 23:42:27","192.168.0.175","WARNING","Skipped (Offline/Unreachable)"
"2026-02-24 23:42:30","192.168.0.176","WARNING","Skipped (Offline/Unreachable)"
"2026-02-24 23:42:33","192.168.0.177","WARNING","Skipped (Offline/Unreachable)"
"2026-02-24 23:42:36","192.168.0.178","WARNING","Skipped (Offline/Unreachable)"
"2026-02-24 23:42:39","192.168.0.179","WARNING","Skipped (Offline/Unreachable)"
"2026-02-24 23:42:42","192.168.0.180","WARNING","Skipped (Offline/Unreachable)"
"2026-02-24 23:42:45","192.168.0.181","WARNING","Skipped (Offline/Unreachable)"
"2026-02-24 23:42:48","192.168.0.182","WARNING","Skipped (Offline/Unreachable)"
"2026-02-24 23:42:51","192.168.0.183","WARNING","Skipped (Offline/Unreachable)"
"2026-02-24 23:42:54","192.168.0.184","WARNING","Skipped (Offline/Unreachable)"
"2026-02-24 23:42:57","192.168.0.185","WARNING","Skipped (Offline/Unreachable)"
"2026-02-24 23:43:00","192.168.0.186","WARNING","Skipped (Offline/Unreachable)"
"2026-02-24 23:43:03","192.168.0.187","WARNING","Skipped (Offline/Unreachable)"
"2026-02-24 23:43:06","192.168.0.188","WARNING","Skipped (Offline/Unreachable)"
"2026-02-24 23:43:09","192.168.0.189","WARNING","Skipped (Offline/Unreachable)"
"2026-02-24 23:43:12","192.168.0.190","WARNING","Skipped (Offline/Unreachable)"
"2026-02-24 23:43:15","192.168.0.191","WARNING","Skipped (Offline/Unreachable)"
"2026-02-24 23:43:18","192.168.0.192","WARNING","Skipped (Offline/Unreachable)"
"2026-02-24 23:43:21","192.168.0.193","WARNING","Skipped (Offline/Unreachable)"
"2026-02-24 23:43:24","192.168.0.194","WARNING","Skipped (Offline/Unreachable)"
"2026-02-24 23:43:27","192.168.0.195","WARNING","Skipped (Offline/Unreachable)"
"2026-02-24 23:43:30","192.168.0.196","WARNING","Skipped (Offline/Unreachable)"
"2026-02-24 23:43:33","192.168.0.197","WARNING","Skipped (Offline/Unreachable)"
"2026-02-24 23:43:36","192.168.0.198","WARNING","Skipped (Offline/Unreachable)"
"2026-02-24 23:43:39","192.168.0.199","WARNING","Skipped (Offline/Unreachable)"
"2026-02-24 23:43:42","192.168.0.200","WARNING","Skipped (Offline/Unreachable)"
"2026-02-24 23:43:45","192.168.0.201","WARNING","Skipped (Offline/Unreachable)"
"2026-02-24 23:43:48","192.168.0.202","WARNING","Skipped (Offline/Unreachable)"
"2026-02-24 23:43:51","192.168.0.203","WARNING","Skipped (Offline/Unreachable)"
"2026-02-24 23:43:54","192.168.0.204","WARNING","Skipped (Offline/Unreachable)"
"2026-02-24 23:43:57","192.168.0.205","WARNING","Skipped (Offline/Unreachable)"
"2026-02-24 23:44:00","192.168.0.206","WARNING","Skipped (Offline/Unreachable)"
"2026-02-24 23:44:03","192.168.0.207","WARNING","Skipped (Offline/Unreachable)"
"2026-02-24 23:44:06","192.168.0.208","WARNING","Skipped (Offline/Unreachable)"
"2026-02-24 23:44:09","192.168.0.209","WARNING","Skipped (Offline/Unreachable)"
"2026-02-24 23:44:12","192.168.0.210","WARNING","Skipped (Offline/Unreachable)"
"2026-02-24 23:44:15","192.168.0.211","WARNING","Skipped (Offline/Unreachable)"
"2026-02-24 23:44:18","192.168.0.212","WARNING","Skipped (Offline/Unreachable)"
"2026-02-24 23:44:21","192.168.0.213","WARNING","Skipped (Offline/Unreachable)"
"2026-02-24 23:44:24","192.168.0.214","WARNING","Skipped (Offline/Unreachable)"
"2026-02-24 23:44:27","192.168.0.215","WARNING","Skipped (Offline/Unreachable)"
"2026-02-24 23:44:30","192.168.0.216","WARNING","Skipped (Offline/Unreachable)"
"2026-02-24 23:44:33","192.168.0.217","WARNING","Skipped (Offline/Unreachable)"
"2026-02-24 23:44:36","192.168.0.218","WARNING","Skipped (Offline/Unreachable)"
"2026-02-24 23:44:39","192.168.0.219","WARNING","Skipped (Offline/Unreachable)"
"2026-02-24 23:44:42","192.168.0.220","WARNING","Skipped (Offline/Unreachable)"
"2026-02-24 23:44:45","192.168.0.221","WARNING","Skipped (Offline/Unreachable)"
"2026-02-24 23:44:48","192.168.0.222","WARNING","Skipped (Offline/Unreachable)"
"2026-02-24 23:44:51","192.168.0.223","WARNING","Skipped (Offline/Unreachable)"
"2026-02-24 23:44:54","192.168.0.224","WARNING","Skipped (Offline/Unreachable)"
"2026-02-24 23:44:57","192.168.0.225","WARNING","Skipped (Offline/Unreachable)"
"2026-02-24 23:45:00","192.168.0.226","WARNING","Skipped (Offline/Unreachable)"
"2026-02-24 23:45:03","192.168.0.227","WARNING","Skipped (Offline/Unreachable)"
"2026-02-24 23:45:06","192.168.0.228","WARNING","Skipped (Offline/Unreachable)"
"2026-02-24 23:45:09","192.168.0.229","WARNING","Skipped (Offline/Unreachable)"
"2026-02-24 23:45:12","192.168.0.230","WARNING","Skipped (Offline/Unreachable)"
"2026-02-24 23:45:15","192.168.0.231","WARNING","Skipped (Offline/Unreachable)"
"2026-02-24 23:45:18","192.168.0.232","WARNING","Skipped (Offline/Unreachable)"
"2026-02-24 23:45:21","192.168.0.233","WARNING","Skipped (Offline/Unreachable)"
"2026-02-24 23:45:24","192.168.0.234","WARNING","Skipped (Offline/Unreachable)"
"2026-02-24 23:45:27","192.168.0.235","WARNING","Skipped (Offline/Unreachable)"
"2026-02-24 23:45:30","192.168.0.236","WARNING","Skipped (Offline/Unreachable)"
"2026-02-24 23:45:33","192.168.0.237","WARNING","Skipped (Offline/Unreachable)"
"2026-02-24 23:45:36","192.168.0.238","WARNING","Skipped (Offline/Unreachable)"
"2026-02-24 23:45:39","192.168.0.239","WARNING","Skipped (Offline/Unreachable)"
"2026-02-24 23:45:42","192.168.0.240","WARNING","Skipped (Offline/Unreachable)"
"2026-02-24 23:45:45","192.168.0.241","WARNING","Skipped (Offline/Unreachable)"
"2026-02-24 23:45:48","192.168.0.242","WARNING","Skipped (Offline/Unreachable)"
"2026-02-24 23:45:51","192.168.0.243","WARNING","Skipped (Offline/Unreachable)"
"2026-02-24 23:45:54","192.168.0.244","WARNING","Skipped (Offline/Unreachable)"
"2026-02-24 23:45:57","192.168.0.245","WARNING","Skipped (Offline/Unreachable)"
"2026-02-24 23:46:00","192.168.0.246","WARNING","Skipped (Offline/Unreachable)"
"2026-02-24 23:46:03","192.168.0.247","WARNING","Skipped (Offline/Unreachable)"
"2026-02-24 23:46:06","192.168.0.248","WARNING","Skipped (Offline/Unreachable)"
"2026-02-24 23:46:09","192.168.0.249","WARNING","Skipped (Offline/Unreachable)"
"2026-02-24 23:46:12","192.168.0.250","WARNING","Skipped (Offline/Unreachable)"
"2026-02-24 23:46:15","192.168.0.251","WARNING","Skipped (Offline/Unreachable)"
"2026-02-24 23:46:18","192.168.0.252","WARNING","Skipped (Offline/Unreachable)"
"2026-02-24 23:46:21","192.168.0.253","WARNING","Skipped (Offline/Unreachable)"
"2026-02-24 23:46:24","192.168.0.254","WARNING","Skipped (Offline/Unreachable)"
"2026-02-24 23:46:28","192.168.0.255","WARNING","Skipped (Offline/Unreachable)"
"2026-02-24 23:46:32","192.168.1.0","WARNING","Skipped (Offline/Unreachable)"
"2026-02-24 23:46:36","192.168.1.1","WARNING","Skipped (Offline/Unreachable)"
"2026-02-24 23:46:40","192.168.1.2","WARNING","Skipped (Offline/Unreachable)"
"2026-02-24 23:46:44","192.168.1.3","WARNING","Skipped (Offline/Unreachable)"
"2026-02-24 23:46:48","192.168.1.4","WARNING","Skipped (Offline/Unreachable)"
"2026-02-24 23:46:52","192.168.1.5","WARNING","Skipped (Offline/Unreachable)"
"2026-02-24 23:46:56","192.168.1.6","WARNING","Skipped (Offline/Unreachable)"
"2026-02-24 23:47:00","192.168.1.7","WARNING","Skipped (Offline/Unreachable)"
"2026-02-24 23:47:04","192.168.0.114","ERROR","Shutdown Failed (Access Denied?)"
